Instructions,StudyID,Directory,File
Judgement,STID0002,,JUDDFAT.pdf
Judgement,STID0003,,JDGSTAP.pdf
Judgement,STID0004,,JDGHD.pdf
Judgement,STID0007,,JWTP.pdf
Judgement,STID0008,,JWTP.pdf
Judgement,STID0009,,JDGACTP.pdf
Judgement,STID0010,,JDGSTP.pdf
Judgement,STID0012,,JDGHD.pdf
Judgement,STID0014,,JDGSTP.pdf
Judgement,STID0015,,JDGSTAP.pdf
Judgement,STID0016,,JWT.pdf
Judgement,STID0017,,JDGSTP.pdf
Judgement,STID0018,,JDGHD.pdf
Judgement,STID0020,,JUDDFAT.pdf
Judgement,STID0021,,JDGHD.pdf
Judgement,STID0023,,JDGHD.pdf
Judgement,STID0024,,JDGSTAP.pdf
Judgement,STID0026,,JDGSTAP.pdf
Judgement,STID0033,,JDGSTAP.pdf
Judgement,STID0037,,JDGHD.pdf
Judgement,STID0039,,JDGACTP.pdf
Judgement,STID0043,,JDGSTAP.pdf
Judgement,STID0045,,JDGSTPP.pdf
Judgement,STID0047,,JDGSTPP.pdf
Judgement,STID0049,,JDGDACT.pdf
Judgement,STID0051,,JDGSTAP.pdf
Judgement,STID0053,,JDGSTPP.pdf
Judgement,STID0055,,JDGSTPP.pdf
Judgement,STID0056,,JDGHD.pdf
Judgement,STID0057,,JDGSTP.pdf
Judgement,STID0060,,JWT.pdf
Judgement,STID0061,,JDGHD.pdf
Judgement,STID0063,,JWT.pdf
Judgement,STID0064,,JWT.pdf
Judgement,STID0065,,JDGSTPP.pdf
Judgement,STID0066,,JDGSTPP.pdf
Judgement,STID0067,,JDGSTPP.pdf
Judgement,STID0068,,JWTP.pdf
Judgement,STID0071,,JWTP.pdf
Judgement,STID0073,,JDGHD.pdf
Judgement,STID0075,,JDGSTP.pdf
Judgement,STID0076,,JDGHD.pdf
Judgement,STID0078,,JDGHD.pdf
Judgement,STID0081,,JDGACTP.pdf
Judgement,STID0082,,JWT.pdf
Judgement,STID0084,,JDGHD.pdf
Judgement,STID0085,,JDGHD.pdf
Judgement,STID0089,,JWT.pdf
Judgement,STID0095,,JDGHD.pdf
Judgement,STID0096,,JUDDFAT.pdf
Judgement,STID0097,,JDGACTP.pdf
Judgement,STID0098,,JDGACTP.pdf
Judgement,STID0099,,JDGSTP.pdf
Judgement,STID0100,,JDGSTPP.pdf
Judgement,STID0102,,JDGHD.pdf
Judgement,STID0103,,JDGHD.pdf
Judgement,STID0104,,JDGSTAP.pdf
Judgement,STID0105,,JDGSTPP.pdf
Judgement,STID0106,,JDGSTPP.pdf
Judgement,STID0110,,JDGSTP.pdf
Judgement,STID0115,,JDGHD.pdf
Judgement,STID0117,,JDGSTP.pdf
Judgement,STID0118,,JDGSTPP.pdf
Judgement,STID0119,,JDGACT.pdf
Judgement,STID0120,,JDGDACT.pdf
Judgement,STID0121,,JDGHD.pdf
Judgement,STID0122,,JWT.pdf
Judgement,STID0123,,JDGHD.pdf
Judgement,STID0125,,JDGSTP.pdf
Judgement,STID0129,,JUDDFAT.pdf
Judgement,STID0130,,JDGDACT.pdf
Judgement,STID0131,,JDGDACT.pdf
Judgement,STID0132,,JDGSTP.pdf
Judgement,STID0133,,JDGSTP.pdf
Judgement,STID0137,,JDGHD.pdf
Judgement,STID0139,,JWT.pdf
Judgement,STID0140,,JDGACTP.pdf
Judgement,STID0141,,JDGSTP.pdf
Judgement,STID0143,,JDGHD.pdf
Judgement,STID0144,,JWT.pdf
Judgement,STID0145,,JDGHD.pdf
Judgement,STID0146,,JDGSTP.pdf
Judgement,STID0147,,JDGSTP.pdf
Judgement,STID0148,,JDGHD.pdf
Judgement,STID0149,,JDGACTP.pdf
Judgement,STID0149,,JDGSTP.pdf
Judgement,STID0150,,JDGSTP.pdf
Judgement,STID0152,,JDGACTP.pdf
Judgement,STID0153,,JDGACTP.pdf
Judgement,STID0155,,JDGSTP.pdf
Judgement,STID0156,,JDGSTPP.pdf
Judgement,STID0160,,JDGSTP.pdf
Judgement,STID0162,,JWT.pdf
Judgement,STID0166,,JDGSTPP.pdf
Judgement,STID0169,,JWTP.pdf
Judgement,STID0170,,JDGHD.pdf
Judgement,STID0172,,JUDDFAT.pdf
Judgement,STID0173,,JWT.pdf
Judgement,STID0174,,JDGSTP.pdf
Judgement,STID0175,,JDGHD.pdf
Judgement,STID0176,,JDGSTP.pdf
Judgement,STID0177,,JDGSTP.pdf
Judgement,STID0178,,JDGSTP.pdf
Judgement,STID0180,,JDGACT.pdf
Judgement,STID0181,,JWT.pdf
Judgement,STID0182,,JDGSTPP.pdf
Judgement,STID0186,,JDGSTPP.pdf
Judgement,STID0187,,JDGACTP.pdf
Judgement,STID0191,,JDGSTPP.pdf
Judgement,STID0193,,JDGSTPP.pdf
Judgement,STID0195,,JDGACT.pdf
Judgement,STID0197,,JDGSTPP.pdf
Judgement,STID0198,,JDGSTPP.pdf
Judgement,STID0199,,JDGSTP.pdf
Judgement,STID0201,,JDGSTP.pdf
Judgement,STID0204,,JDGSTP.pdf
Judgement,STID0205,,JDGSTPP.pdf
Judgement,STID0206,,JDGACTP.pdf
Judgement,STID0208,,JWTP.pdf
Judgement,STID0209,,JDGSTPP.pdf
Judgement,STID0213,,JDGSTPP.pdf
Judgement,STID0216,,JDGHD.pdf
Judgement,STID0217,,JDGSTPP.pdf
Judgement,STID0219,,JWTP.pdf
Judgement,STID0220,,JWTP.pdf
Judgement,STID0223,,JDGACTP.pdf
Judgement,STID0224,,JDGSTP.pdf
Judgement,STID0227,,JDGHD.pdf
Judgement,STID0231,,JDGACTP.pdf
Judgement,STID0233,,JDGACT.pdf
Judgement,STID0234,,JDGACTP.pdf
Judgement,STID0235,,JWT.pdf
Judgement,STID0237,,JWT.pdf
Judgement,STID0238,,JDGACT.pdf
Judgement,STID0239,,JWTP.pdf
Judgement,STID0240,,JDGSTP.pdf
Judgement,STID0241,,JDGACT.pdf
Judgement,STID0241,,JWTP.pdf
Judgement,STID0242,,JDGSTPP.pdf
Judgement,STID0243,,JDGHD.pdf
Judgement,STID0244,,JDGHD.pdf
Judgement,STID0245,,JDGHD.pdf
Judgement,STID0246,,JDGACTP.pdf
Judgement,STID0248,,JWT.pdf
Judgement,STID0249,,JDGSTPP.pdf
Judgement,STID0250,,JDGACTP.pdf
Judgement,STID0499,,JDGSTP.pdf
Judgement,STID0501,,JUDDFAT.pdf
Judgement,STID0502,,JWT.pdf
Judgement,STID0504,,JDGSTPP.pdf
Judgement,STID0505,,JDGHD.pdf
Judgement,STID0507,,JWT.pdf
Judgement,STID0510,,JWT.pdf
Judgement,STID0512,,JDGACTP.pdf
Judgement,STID0513,,JDGACTP.pdf
Judgement,STID0514,,JDGSTP.pdf
Judgement,STID0515,,JWTP.pdf
Judgement,STID0516,,JDGHD.pdf
Judgement,STID0517,,JDGSTP.pdf
Judgement,STID0519,,JDGACTP.pdf
Judgement,STID0520,,JDGHD.pdf
Judgement,STID0521,,JDGACTP.pdf
Judgement,STID0524,,JDGACTP.pdf
Judgement,STID0525,,JDGHD.pdf
Judgement,STID0526,,JDGSTPP.pdf
Judgement,STID0528,,JDGSTP.pdf
Judgement,STID0529,,JWTP.pdf
Judgement,STID0530,,JDGACTP.pdf
Judgement,STID0531,,JDGACTP.pdf
Judgement,STID0533,,JDGSTPP.pdf
Judgement,STID0534,,JDGSTPP.pdf
Judgement,STID0535,,JWT.pdf
Judgement,STID0536,,JDGSTPP.pdf
Judgement,STID0537,,JDGSTP.pdf
Judgement,STID0539,,JDGSTP.pdf
Judgement,STID0540,,JWT.pdf
Judgement,STID0541,,JDGACTP.pdf
Judgement,STID0542,,JWT.pdf
Judgement,STID0543,,JDGHD.pdf
Judgement,STID0544,,JDGSTPP.pdf
Judgement,STID0545,,JDGSTP.pdf
Judgement,STID0546,,JDGHD.pdf
Judgement,STID0549,,JDGSTPP.pdf
Judgement,STID0550,,JDGSTA.pdf
Judgement,STID0551,,JDGSTP.pdf
Judgement,STID0555,,JDGSTPP.pdf
Judgement,STID0556,,JDGHD.pdf
Judgement,STID0559,,JDGACTP.pdf
Judgement,STID0559,,JRV.pdf
Judgement,STID0560,,JDGHD.pdf
Judgement,STID0564,,JDGSTPP.pdf
Judgement,STID0565,,JWTP.pdf
Judgement,STID0566,,JDGHD.pdf
Judgement,STID0567,,JDGSTPP.pdf
Judgement,STID0569,,JDGSTPP.pdf
Judgement,STID0570,,JDGSTPP.pdf
Judgement,STID0572,,JDGACTP.pdf
Judgement,STID0572,,JDGHD.pdf
Judgement,STID0573,,JDGACTP.pdf
Judgement,STID0577,,JDGHD.pdf
Judgement,STID0579,,JDGHD.pdf
Judgement,STID0582,,JUDDFAT.pdf
Judgement,STID0583,,JDGHD.pdf
Judgement,STID0585,,JDGSTA.pdf
Judgement,STID0590,,JDGACTP.pdf
Judgement,STID0591,,JDGSTPP.pdf
Judgement,STID0594,,JDGSTPP.pdf
Judgement,STID0596,,JDGACTP.pdf
Judgement,STID0598,,JDGSTP.pdf
Judgement,STID0600,,JDGSTA.pdf
Judgement,STID0601,,JDGHD.pdf
Judgement,STID0602,,JDGSTP.pdf
Judgement,STID0605,,JDGSTP.pdf
Judgement,STID0606,,JWT.pdf
Judgement,STID0609,,JDGHD.pdf
Judgement,STID0609,,JWTP.pdf
Judgement,STID0610,,JDGSTPP.pdf
Judgement,STID0611,,JWTP.pdf
Judgement,STID0614,,JDGACTP.pdf
Judgement,STID0616,,JDGSTP.pdf
Judgement,STID0617,,JDGSTAP.pdf
Judgement,STID0618,,JWT.pdf
Judgement,STID0619,,JWT.pdf
Judgement,STID0620,,JDGACTP.pdf
Judgement,STID0622,,JDGACTP.pdf
Judgement,STID0623,,JDGHD.pdf
Judgement,STID0624,,JDGSTPP.pdf
Judgement,STID0625,,JDGSTPP.pdf
Judgement,STID0628,,JDGHD.pdf
Judgement,STID0630,,JDGHD.pdf
Judgement,STID0631,,JDGSTP.pdf
Judgement,STID0632,,JDGHD.pdf
Judgement,STID0633,,JDGSTPP.pdf
Judgement,STID0634,,JDGACTP.pdf
Judgement,STID0635,,JDGHD.pdf
Judgement,STID0636,,JDGSTAP.pdf
Judgement,STID0637,,JWTP.pdf
Judgement,STID0638,,JDGSTPP.pdf
Judgement,STID0640,,JUDDFAT.pdf
Judgement,STID0643,,JWT.pdf
Judgement,STID0644,,JDGHD.pdf
Judgement,STID0646,,JDGHD.pdf
Judgement,STID0647,,JDGACTP.pdf
Judgement,STID0648,,JDGACTP.pdf
Judgement,STID0649,,JDGACTP.pdf
Judgement,STID0650,,JDGSTPP.pdf
Judgement,STID0651,,JWT.pdf
Judgement,STID0652,,JDGSTPP.pdf
Judgement,STID0653,,JDGSTP.pdf
Judgement,STID0655,,JDGDACT.pdf
Judgement,STID0656,,JDGSTPP.pdf
Judgement,STID0658,,JDGSTPP.pdf
Judgement,STID0659,,JDGSTPP.pdf
Judgement,STID0662,,JDGSTP.pdf
Judgement,STID0663,,JDGHD.pdf
Judgement,STID0664,,JDGHD.pdf
Judgement,STID0665,,JDGSTPP.pdf
Judgement,STID0666,,JDGSTPP.pdf
Judgement,STID0667,,JDGSTAP.pdf
Judgement,STID0668,,JDGSTPP.pdf
Judgement,STID0670,,JDGSTPP.pdf
Judgement,STID0671,,JDGACTP.pdf
Judgement,STID0673,,JDGHD.pdf
Judgement,STID0675,,JDGSTPP.pdf
Judgement,STID0676,,JDGSTPP.pdf
Judgement,STID0678,,JDGACTP.pdf
Judgement,STID0679,,JDGACTP.pdf
Judgement,STID0680,,JDGSTA.pdf
Judgement,STID0682,,JDGACT.pdf
Judgement,STID0683,,JDGACTP.pdf
Judgement,STID0685,,JDGSTPP.pdf
Judgement,STID0686,,JDGSTP.pdf
Judgement,STID0687,,JDGSTP.pdf
Judgement,STID0691,,JDGACTP.pdf
Judgement,STID0693,,JDGHD.pdf
Judgement,STID0695,,JWT.pdf
Judgement,STID0696,,JDGHD.pdf
Judgement,STID0697,,JDGSTPP.pdf
Judgement,STID0698,,JDGSTP.pdf
Judgement,STID0699,,JDGSTPP.pdf
Judgement,STID0700,,JDGSTP.pdf
